<?xml version="1.0" encoding="UTF-8"?><idempiere Name="AD_EntityType" Version="1.0.0" idempiereVersion="7.1.0.qualifier" DataBaseVersion="2019-11-22" Description="" Author="Victor Suarez" AuthorEmail="" CreatedDate="Sat Oct 10 22:05:32 VET 2020" UpdatedDate="Sat Oct 10 22:05:32 VET 2020" PackOutVersion="100" UpdateDictionary="true" Client="0-SYSTEM-System" AD_Client_UU="11237b53-9592-4af1-b3c5-afd216514b5d">
    <AD_EntityType type="table">
        <AD_Client_ID>0</AD_Client_ID>
        <AD_Org_ID>0</AD_Org_ID>
        <EntityType>IVS</EntityType>
        <IsActive>Y</IsActive>
        <Name>Ing. Victor Suarez</Name>
        <Description/>
        <Help/>
        <Version>2.0.0</Version>
        <ModelPackage>dev.vsuarez.model</ModelPackage>
        <Classpath/>
        <Processing>N</Processing>
        <AD_EntityType_UU>3be9a148-f4c4-4e7a-8f47-959fd7e19d9e</AD_EntityType_UU>
    </AD_EntityType>
</idempiere>
