<?xml version="1.0" encoding="UTF-8"?><idempiere Name="DatiEsempio_ilPane" Version="2018.04.05" idempiereVersion="" DataBaseVersion="" Description="" Author="" AuthorEmail="" CreatedDate="2018-04-05 17:42:44.437" UpdatedDate="2018-04-05 17:42:44.437" PackOutVersion="100" UpdateDictionary="false" Client="1000000-Gruppo Il Pane Quotidiano-Gruppo Il Pane Quotidiano" AD_Client_UU="e1d31850-6be1-47f0-a83f-b1aa5b332cd8">
    <C_POSKeyLayout type="table">
        <AD_Client_ID reference="uuid" reference-key="AD_Client">e1d31850-6be1-47f0-a83f-b1aa5b332cd8</AD_Client_ID>
        <AD_Org_ID reference="uuid" reference-key="AD_Org">32959956-7720-48c9-a26c-5f780e0b88ac</AD_Org_ID>
        <Description/>
        <Help/>
        <IsActive>Y</IsActive>
        <Name>Rosandra</Name>
        <Columns>4</Columns>
        <POSKeyLayoutType>K</POSKeyLayoutType>
        <AD_PrintColor_ID reference="id">111</AD_PrintColor_ID>
        <AD_PrintFont_ID reference="id">130</AD_PrintFont_ID>
        <C_POSKeyLayout_UU>db3a116e-4283-4364-86db-6233e87c3d58</C_POSKeyLayout_UU>
    </C_POSKeyLayout>
    <C_POSKeyLayout type="table">
        <AD_Client_ID reference="uuid" reference-key="AD_Client">e1d31850-6be1-47f0-a83f-b1aa5b332cd8</AD_Client_ID>
        <AD_Org_ID reference="uuid" reference-key="AD_Org">6d9d3c8f-28da-404a-aedc-f45557acc9f2</AD_Org_ID>
        <Description/>
        <Help/>
        <IsActive>Y</IsActive>
        <Name>salato</Name>
        <Columns>0</Columns>
        <POSKeyLayoutType>P</POSKeyLayoutType>
        <AD_PrintColor_ID reference="id">111</AD_PrintColor_ID>
        <AD_PrintFont_ID reference="id">130</AD_PrintFont_ID>
        <C_POSKeyLayout_UU>ea31e609-40e4-4a5e-9f50-e511d68f3df2</C_POSKeyLayout_UU>
    </C_POSKeyLayout>
    <C_POSKey type="table">
        <AD_Client_ID reference="uuid" reference-key="AD_Client">e1d31850-6be1-47f0-a83f-b1aa5b332cd8</AD_Client_ID>
        <AD_Org_ID reference="uuid" reference-key="AD_Org">32959956-7720-48c9-a26c-5f780e0b88ac</AD_Org_ID>
        <Name>salato</Name>
        <SeqNo>10</SeqNo>
        <C_POSKeyLayout_ID reference="uuid" reference-key="C_POSKeyLayout">db3a116e-4283-4364-86db-6233e87c3d58</C_POSKeyLayout_ID>
        <Description/>
        <M_Product_ID reference="id"/>
        <IsActive>Y</IsActive>
        <Qty>0</Qty>
        <AD_PrintColor_ID reference="id">106</AD_PrintColor_ID>
        <SubKeyLayout_ID reference="uuid" reference-key="C_POSKeyLayout">ea31e609-40e4-4a5e-9f50-e511d68f3df2</SubKeyLayout_ID>
        <Text/>
        <SpanX>0</SpanX>
        <SpanY>0</SpanY>
        <AD_Image_ID/>
        <AD_PrintFont_ID reference="id">130</AD_PrintFont_ID>
        <C_POSKey_UU>b136e623-3a7c-40e1-9537-6ea42cbdd99e</C_POSKey_UU>
    </C_POSKey>
    <C_POSKey type="table">
        <AD_Client_ID reference="uuid" reference-key="AD_Client">e1d31850-6be1-47f0-a83f-b1aa5b332cd8</AD_Client_ID>
        <AD_Org_ID reference="uuid" reference-key="AD_Org">6d9d3c8f-28da-404a-aedc-f45557acc9f2</AD_Org_ID>
        <Name>Return</Name>
        <SeqNo>1</SeqNo>
        <C_POSKeyLayout_ID reference="uuid" reference-key="C_POSKeyLayout">ea31e609-40e4-4a5e-9f50-e511d68f3df2</C_POSKeyLayout_ID>
        <Description/>
        <M_Product_ID reference="id"/>
        <IsActive>Y</IsActive>
        <Qty>0</Qty>
        <AD_PrintColor_ID reference="id">102</AD_PrintColor_ID>
        <SubKeyLayout_ID reference="uuid" reference-key="C_POSKeyLayout">db3a116e-4283-4364-86db-6233e87c3d58</SubKeyLayout_ID>
        <Text/>
        <SpanX>0</SpanX>
        <SpanY>0</SpanY>
        <AD_Image_ID/>
        <AD_PrintFont_ID reference="id">130</AD_PrintFont_ID>
        <C_POSKey_UU>62fb8482-c0c2-4b13-a20f-c1598b71b0b5</C_POSKey_UU>
    </C_POSKey>
    <AD_Package_Exp type="table">
        <AD_Org_ID>0</AD_Org_ID>
        <AD_Package_Type>X</AD_Package_Type>
        <EMail/>
        <Instructions/>
        <Name>DatiEsempio_ilPane</Name>
        <Processed>N</Processed>
        <ReleaseNo/>
        <Version/>
        <UserName/>
        <Processing>N</Processing>
        <PK_Version>2018.04.05</PK_Version>
        <IsActive>Y</IsActive>
        <File_Directory/>
        <Description/>
        <AD_Package_Exp_UU>4a341cff-3e75-421d-8a33-250850a3c13c</AD_Package_Exp_UU>
        <DateFrom/>
        <IsExportDictionaryEntity>N</IsExportDictionaryEntity>
        <AD_Package_Exp_Detail type="table">
            <AD_Org_ID>0</AD_Org_ID>
            <AD_Form_ID reference="id"/>
            <AD_ImpFormat_ID reference="id"/>
            <AD_Menu_ID reference="id"/>
            <AD_Process_ID reference="id"/>
            <AD_Role_ID reference="uuid" reference-key="AD_Role">ff541f48-3aeb-47b2-86eb-d8dc18fdd732</AD_Role_ID>
            <AD_Window_ID reference="id"/>
            <AD_Workflow_ID reference="id"/>
            <IsActive>Y</IsActive>
            <File_Directory/>
            <FileName/>
            <Destination_FileName/>
            <Destination_Directory/>
            <Description/>
            <DBType>ALL</DBType>
            <Type>D</Type>
            <Target_Directory/>
            <SQLStatement>SELECT * FROM C_POSKeyLayout WHERE C_POSKeyLayout_UU='db3a116e-4283-4364-86db-6233e87c3d58'</SQLStatement>
            <ReleaseNo/>
            <Processing>N</Processing>
            <Processed>N</Processed>
            <Name2/>
            <Line>10</Line>
            <AD_Workbench_ID reference="id"/>
            <AD_Table_ID reference="id">749</AD_Table_ID>
            <AD_ReportView_ID reference="id"/>
            <AD_Package_Exp_ID reference="uuid" reference-key="AD_Package_Exp">4a341cff-3e75-421d-8a33-250850a3c13c</AD_Package_Exp_ID>
            <AD_Package_Code_New/>
            <AD_Package_Code_Old/>
            <AD_Val_Rule_ID reference="id"/>
            <AD_Message_ID reference="id"/>
            <AD_PrintFormat_ID reference="id"/>
            <AD_Reference_ID reference="id"/>
            <AD_ModelValidator_ID reference="id"/>
            <AD_EntityType_ID reference="id"/>
            <AD_Package_Exp_Detail_UU>db1371aa-5d52-4b22-af5d-18bb73f677dc</AD_Package_Exp_Detail_UU>
        </AD_Package_Exp_Detail>
        <AD_Package_Exp_Detail type="table">
            <AD_Org_ID>0</AD_Org_ID>
            <AD_Form_ID reference="id"/>
            <AD_ImpFormat_ID reference="id"/>
            <AD_Menu_ID reference="id"/>
            <AD_Process_ID reference="id"/>
            <AD_Role_ID reference="uuid" reference-key="AD_Role">ff541f48-3aeb-47b2-86eb-d8dc18fdd732</AD_Role_ID>
            <AD_Window_ID reference="id"/>
            <AD_Workflow_ID reference="id"/>
            <IsActive>Y</IsActive>
            <File_Directory/>
            <FileName/>
            <Destination_FileName/>
            <Destination_Directory/>
            <Description/>
            <DBType>ALL</DBType>
            <Type>D</Type>
            <Target_Directory/>
            <SQLStatement>SELECT * FROM C_POSKeyLayout WHERE C_POSKeyLayout_UU='ea31e609-40e4-4a5e-9f50-e511d68f3df2'</SQLStatement>
            <ReleaseNo/>
            <Processing>N</Processing>
            <Processed>N</Processed>
            <Name2/>
            <Line>20</Line>
            <AD_Workbench_ID reference="id"/>
            <AD_Table_ID reference="id">749</AD_Table_ID>
            <AD_ReportView_ID reference="id"/>
            <AD_Package_Exp_ID reference="uuid" reference-key="AD_Package_Exp">4a341cff-3e75-421d-8a33-250850a3c13c</AD_Package_Exp_ID>
            <AD_Package_Code_New/>
            <AD_Package_Code_Old/>
            <AD_Val_Rule_ID reference="id"/>
            <AD_Message_ID reference="id"/>
            <AD_PrintFormat_ID reference="id"/>
            <AD_Reference_ID reference="id"/>
            <AD_ModelValidator_ID reference="id"/>
            <AD_EntityType_ID reference="id"/>
            <AD_Package_Exp_Detail_UU>0b1ee3a1-9817-4996-8eb9-3e96c705e071</AD_Package_Exp_Detail_UU>
        </AD_Package_Exp_Detail>
        <AD_Package_Exp_Detail type="table">
            <AD_Org_ID>0</AD_Org_ID>
            <AD_Form_ID reference="id"/>
            <AD_ImpFormat_ID reference="id"/>
            <AD_Menu_ID reference="id"/>
            <AD_Process_ID reference="id"/>
            <AD_Role_ID reference="uuid" reference-key="AD_Role">ff541f48-3aeb-47b2-86eb-d8dc18fdd732</AD_Role_ID>
            <AD_Window_ID reference="id"/>
            <AD_Workflow_ID reference="id"/>
            <IsActive>Y</IsActive>
            <File_Directory/>
            <FileName/>
            <Destination_FileName/>
            <Destination_Directory/>
            <Description/>
            <DBType>ALL</DBType>
            <Type>D</Type>
            <Target_Directory/>
            <SQLStatement>SELECT * FROM C_POSKey WHERE C_POSKey_UU='b136e623-3a7c-40e1-9537-6ea42cbdd99e'</SQLStatement>
            <ReleaseNo/>
            <Processing>N</Processing>
            <Processed>N</Processed>
            <Name2/>
            <Line>30</Line>
            <AD_Workbench_ID reference="id"/>
            <AD_Table_ID reference="id">750</AD_Table_ID>
            <AD_ReportView_ID reference="id"/>
            <AD_Package_Exp_ID reference="uuid" reference-key="AD_Package_Exp">4a341cff-3e75-421d-8a33-250850a3c13c</AD_Package_Exp_ID>
            <AD_Package_Code_New/>
            <AD_Package_Code_Old/>
            <AD_Val_Rule_ID reference="id"/>
            <AD_Message_ID reference="id"/>
            <AD_PrintFormat_ID reference="id"/>
            <AD_Reference_ID reference="id"/>
            <AD_ModelValidator_ID reference="id"/>
            <AD_EntityType_ID reference="id"/>
            <AD_Package_Exp_Detail_UU>9d19e976-6b38-4558-981d-60bad486e04b</AD_Package_Exp_Detail_UU>
        </AD_Package_Exp_Detail>
        <AD_Package_Exp_Detail type="table">
            <AD_Org_ID>0</AD_Org_ID>
            <AD_Form_ID reference="id"/>
            <AD_ImpFormat_ID reference="id"/>
            <AD_Menu_ID reference="id"/>
            <AD_Process_ID reference="id"/>
            <AD_Role_ID reference="uuid" reference-key="AD_Role">ff541f48-3aeb-47b2-86eb-d8dc18fdd732</AD_Role_ID>
            <AD_Window_ID reference="id"/>
            <AD_Workflow_ID reference="id"/>
            <IsActive>Y</IsActive>
            <File_Directory/>
            <FileName/>
            <Destination_FileName/>
            <Destination_Directory/>
            <Description/>
            <DBType>ALL</DBType>
            <Type>D</Type>
            <Target_Directory/>
            <SQLStatement>SELECT * FROM C_POSKey WHERE C_POSKey_UU='62fb8482-c0c2-4b13-a20f-c1598b71b0b5'</SQLStatement>
            <ReleaseNo/>
            <Processing>N</Processing>
            <Processed>N</Processed>
            <Name2/>
            <Line>40</Line>
            <AD_Workbench_ID reference="id"/>
            <AD_Table_ID reference="id">750</AD_Table_ID>
            <AD_ReportView_ID reference="id"/>
            <AD_Package_Exp_ID reference="uuid" reference-key="AD_Package_Exp">4a341cff-3e75-421d-8a33-250850a3c13c</AD_Package_Exp_ID>
            <AD_Package_Code_New/>
            <AD_Package_Code_Old/>
            <AD_Val_Rule_ID reference="id"/>
            <AD_Message_ID reference="id"/>
            <AD_PrintFormat_ID reference="id"/>
            <AD_Reference_ID reference="id"/>
            <AD_ModelValidator_ID reference="id"/>
            <AD_EntityType_ID reference="id"/>
            <AD_Package_Exp_Detail_UU>bf119aa3-c914-4226-887d-1c617aa7c85c</AD_Package_Exp_Detail_UU>
        </AD_Package_Exp_Detail>
        <AD_Package_Exp_Detail type="table">
            <AD_Org_ID>0</AD_Org_ID>
            <AD_Form_ID reference="id"/>
            <AD_ImpFormat_ID reference="id"/>
            <AD_Menu_ID reference="id"/>
            <AD_Process_ID reference="id"/>
            <AD_Role_ID reference="uuid" reference-key="AD_Role">ff541f48-3aeb-47b2-86eb-d8dc18fdd732</AD_Role_ID>
            <AD_Window_ID reference="id"/>
            <AD_Workflow_ID reference="id"/>
            <IsActive>Y</IsActive>
            <File_Directory/>
            <FileName/>
            <Destination_FileName/>
            <Destination_Directory/>
            <Description/>
            <DBType>ALL</DBType>
            <Type>D</Type>
            <Target_Directory/>
            <SQLStatement>SELECT * FROM AD_Package_Exp WHERE AD_Package_Exp_UU='4a341cff-3e75-421d-8a33-250850a3c13c';AD_Package_Exp_Detail</SQLStatement>
            <ReleaseNo/>
            <Processing>N</Processing>
            <Processed>N</Processed>
            <Name2/>
            <Line>150</Line>
            <AD_Workbench_ID reference="id"/>
            <AD_Table_ID reference="id">50005</AD_Table_ID>
            <AD_ReportView_ID reference="id"/>
            <AD_Package_Exp_ID reference="uuid" reference-key="AD_Package_Exp">4a341cff-3e75-421d-8a33-250850a3c13c</AD_Package_Exp_ID>
            <AD_Package_Code_New/>
            <AD_Package_Code_Old/>
            <AD_Val_Rule_ID reference="id"/>
            <AD_Message_ID reference="id"/>
            <AD_PrintFormat_ID reference="id"/>
            <AD_Reference_ID reference="id"/>
            <AD_ModelValidator_ID reference="id"/>
            <AD_EntityType_ID reference="id"/>
            <AD_Package_Exp_Detail_UU>2a77cf9c-c21c-4f30-aa7e-695787f3f74d</AD_Package_Exp_Detail_UU>
        </AD_Package_Exp_Detail>
    </AD_Package_Exp>
</idempiere>
