<?xml version="1.0" encoding="UTF-8"?><idempiere Name="AD_Element" Version="1.0.0" idempiereVersion="7.1.0.qualifier" DataBaseVersion="2019-11-22" Description="" Author="SuperUser" AuthorEmail="soporte@algeconsultores.com" CreatedDate="Tue Jan 19 18:53:08 VET 2021" UpdatedDate="Tue Jan 19 18:53:08 VET 2021" PackOutVersion="100" UpdateDictionary="true" Client="0-SYSTEM-System" AD_Client_UU="11237b53-9592-4af1-b3c5-afd216514b5d">
    <AD_Element type="table">
        <AD_Client_ID>0</AD_Client_ID>
        <AD_Org_ID>0</AD_Org_ID>
        <IsActive>Y</IsActive>
        <ColumnName>TotalLine</ColumnName>
        <Name>Total Line</Name>
        <Description>Total of Line</Description>
        <Help>The Total amount displays the total of the line</Help>
        <PrintName>Total Line</PrintName>
        <PO_Description/>
        <PO_Help/>
        <PO_Name/>
        <PO_PrintName/>
        <EntityType>IVS</EntityType>
        <AD_Element_UU>d5e33afa-6d76-4338-9e6e-2dbf6b2da944</AD_Element_UU>
        <Placeholder/>
        <AD_Element_Trl type="translation">
            <Description>Total de Linea</Description>
            <Help>The Total amount displays the total of the line</Help>
            <Name>Total de Linea</Name>
            <Placeholder/>
            <PO_Description/>
            <PO_Help/>
            <PO_Name/>
            <PO_PrintName/>
            <PrintName>Total de Linea</PrintName>
            <AD_Language>es_VE</AD_Language>
            <IsActive>Y</IsActive>
            <IsTranslated>Y</IsTranslated>
        </AD_Element_Trl>
    </AD_Element>
</idempiere>
